{
    "avg_prec": 0.5001412328516215,
    "roc_auc": 0.9686420965022727
}