{
    "avg_prec": 0.5052620445612046,
    "roc_auc": 0.9642960797285474
}